"","heart.disease","predict.regressor..newdata...new_x."
"1",9.616762485,9.77267478414637
"2",13.49516765,14.4535389909564
"3",10.11586515,10.20755489847
"4",11.84355576,13.0383651252999
